list,prompt_no,sheet,cell,key,name,app_file
"01-urgent-rps-robot.txt","001","로보 가위바위보 손","왼쪽 위","robot-rps-rock","로보 바위","public/assets/rps/robot-rock.webp"
"01-urgent-rps-robot.txt","001","로보 가위바위보 손","오른쪽 위","robot-rps-scissors","로보 가위","public/assets/rps/robot-scissors.webp"
"01-urgent-rps-robot.txt","001","로보 가위바위보 손","왼쪽 아래","robot-rps-paper","로보 보","public/assets/rps/robot-paper.webp"
"01-urgent-rps-robot.txt","001","로보 가위바위보 손","오른쪽 아래","robot-rps-ready","로보 준비","public/assets/rps/robot-ready.webp"
"01-urgent-rps-robot.txt","002","로보 반응","왼쪽 위","robot-react-win","로보 이김","public/assets/rps/robot-win.webp"
"01-urgent-rps-robot.txt","002","로보 반응","오른쪽 위","robot-react-lose","로보 짐","public/assets/rps/robot-lose.webp"
"01-urgent-rps-robot.txt","002","로보 반응","왼쪽 아래","robot-react-shock","로보 대충격(×8)","public/assets/rps/robot-shock.webp"
"01-urgent-rps-robot.txt","002","로보 반응","오른쪽 아래","robot-react-think","로보 고민","public/assets/rps/robot-think.webp"
"01-urgent-rps-robot.txt","003","가위바위보 손 메달 + VS","왼쪽 위","rps-rock","바위 메달","public/assets/rps/hand-rock.webp"
"01-urgent-rps-robot.txt","003","가위바위보 손 메달 + VS","오른쪽 위","rps-scissors","가위 메달","public/assets/rps/hand-scissors.webp"
"01-urgent-rps-robot.txt","003","가위바위보 손 메달 + VS","왼쪽 아래","rps-paper","보 메달","public/assets/rps/hand-paper.webp"
"01-urgent-rps-robot.txt","003","가위바위보 손 메달 + VS","오른쪽 아래","rps-vs","VS 충돌","public/assets/rps/clash.webp"
"01-urgent-rps-robot.txt","004","로보 야차전 연습 대결","왼쪽 위","robot-attack","로보 공격","public/assets/pets/robot-3-attack.webp"
"01-urgent-rps-robot.txt","004","로보 야차전 연습 대결","오른쪽 위","robot-hurt","로보 맞음","public/assets/pets/robot-3-hurt.webp"
"01-urgent-rps-robot.txt","004","로보 야차전 연습 대결","왼쪽 아래","robot-happy","로보 기쁨","public/assets/pets/robot-3-happy.webp"
"01-urgent-rps-robot.txt","004","로보 야차전 연습 대결","오른쪽 아래","robot-sad","로보 시무룩","public/assets/pets/robot-3-sad.webp"
"02-pet-expressions.txt","005","몽이 아기 표정","왼쪽 위","dog-1-happy","몽이 아기 기뻐함","public/assets/pets/dog-1-happy.webp"
"02-pet-expressions.txt","005","몽이 아기 표정","오른쪽 위","dog-1-eat","몽이 아기 냠냠","public/assets/pets/dog-1-eat.webp"
"02-pet-expressions.txt","005","몽이 아기 표정","왼쪽 아래","dog-1-sad","몽이 아기 시무룩","public/assets/pets/dog-1-sad.webp"
"02-pet-expressions.txt","005","몽이 아기 표정","오른쪽 아래","dog-1-cheer","몽이 아기 응원","public/assets/pets/dog-1-cheer.webp"
"02-pet-expressions.txt","006","몽이 성장 표정","왼쪽 위","dog-2-happy","몽이 성장 기뻐함","public/assets/pets/dog-2-happy.webp"
"02-pet-expressions.txt","006","몽이 성장 표정","오른쪽 위","dog-2-eat","몽이 성장 냠냠","public/assets/pets/dog-2-eat.webp"
"02-pet-expressions.txt","006","몽이 성장 표정","왼쪽 아래","dog-2-sad","몽이 성장 시무룩","public/assets/pets/dog-2-sad.webp"
"02-pet-expressions.txt","006","몽이 성장 표정","오른쪽 아래","dog-2-cheer","몽이 성장 응원","public/assets/pets/dog-2-cheer.webp"
"02-pet-expressions.txt","007","몽이 최종 표정","왼쪽 위","dog-3-happy","몽이 최종 기뻐함","public/assets/pets/dog-3-happy.webp"
"02-pet-expressions.txt","007","몽이 최종 표정","오른쪽 위","dog-3-eat","몽이 최종 냠냠","public/assets/pets/dog-3-eat.webp"
"02-pet-expressions.txt","007","몽이 최종 표정","왼쪽 아래","dog-3-sad","몽이 최종 시무룩","public/assets/pets/dog-3-sad.webp"
"02-pet-expressions.txt","007","몽이 최종 표정","오른쪽 아래","dog-3-cheer","몽이 최종 응원","public/assets/pets/dog-3-cheer.webp"
"02-pet-expressions.txt","008","핑키 아기 표정","왼쪽 위","pig-1-happy","핑키 아기 기뻐함","public/assets/pets/pig-1-happy.webp"
"02-pet-expressions.txt","008","핑키 아기 표정","오른쪽 위","pig-1-eat","핑키 아기 냠냠","public/assets/pets/pig-1-eat.webp"
"02-pet-expressions.txt","008","핑키 아기 표정","왼쪽 아래","pig-1-sad","핑키 아기 시무룩","public/assets/pets/pig-1-sad.webp"
"02-pet-expressions.txt","008","핑키 아기 표정","오른쪽 아래","pig-1-cheer","핑키 아기 응원","public/assets/pets/pig-1-cheer.webp"
"02-pet-expressions.txt","009","핑키 성장 표정","왼쪽 위","pig-2-happy","핑키 성장 기뻐함","public/assets/pets/pig-2-happy.webp"
"02-pet-expressions.txt","009","핑키 성장 표정","오른쪽 위","pig-2-eat","핑키 성장 냠냠","public/assets/pets/pig-2-eat.webp"
"02-pet-expressions.txt","009","핑키 성장 표정","왼쪽 아래","pig-2-sad","핑키 성장 시무룩","public/assets/pets/pig-2-sad.webp"
"02-pet-expressions.txt","009","핑키 성장 표정","오른쪽 아래","pig-2-cheer","핑키 성장 응원","public/assets/pets/pig-2-cheer.webp"
"02-pet-expressions.txt","010","핑키 최종 표정","왼쪽 위","pig-3-happy","핑키 최종 기뻐함","public/assets/pets/pig-3-happy.webp"
"02-pet-expressions.txt","010","핑키 최종 표정","오른쪽 위","pig-3-eat","핑키 최종 냠냠","public/assets/pets/pig-3-eat.webp"
"02-pet-expressions.txt","010","핑키 최종 표정","왼쪽 아래","pig-3-sad","핑키 최종 시무룩","public/assets/pets/pig-3-sad.webp"
"02-pet-expressions.txt","010","핑키 최종 표정","오른쪽 아래","pig-3-cheer","핑키 최종 응원","public/assets/pets/pig-3-cheer.webp"
"02-pet-expressions.txt","011","나비 아기 표정","왼쪽 위","cat-1-happy","나비 아기 기뻐함","public/assets/pets/cat-1-happy.webp"
"02-pet-expressions.txt","011","나비 아기 표정","오른쪽 위","cat-1-eat","나비 아기 냠냠","public/assets/pets/cat-1-eat.webp"
"02-pet-expressions.txt","011","나비 아기 표정","왼쪽 아래","cat-1-sad","나비 아기 시무룩","public/assets/pets/cat-1-sad.webp"
"02-pet-expressions.txt","011","나비 아기 표정","오른쪽 아래","cat-1-cheer","나비 아기 응원","public/assets/pets/cat-1-cheer.webp"
"02-pet-expressions.txt","012","나비 성장 표정","왼쪽 위","cat-2-happy","나비 성장 기뻐함","public/assets/pets/cat-2-happy.webp"
"02-pet-expressions.txt","012","나비 성장 표정","오른쪽 위","cat-2-eat","나비 성장 냠냠","public/assets/pets/cat-2-eat.webp"
"02-pet-expressions.txt","012","나비 성장 표정","왼쪽 아래","cat-2-sad","나비 성장 시무룩","public/assets/pets/cat-2-sad.webp"
"02-pet-expressions.txt","012","나비 성장 표정","오른쪽 아래","cat-2-cheer","나비 성장 응원","public/assets/pets/cat-2-cheer.webp"
"02-pet-expressions.txt","013","나비 최종 표정","왼쪽 위","cat-3-happy","나비 최종 기뻐함","public/assets/pets/cat-3-happy.webp"
"02-pet-expressions.txt","013","나비 최종 표정","오른쪽 위","cat-3-eat","나비 최종 냠냠","public/assets/pets/cat-3-eat.webp"
"02-pet-expressions.txt","013","나비 최종 표정","왼쪽 아래","cat-3-sad","나비 최종 시무룩","public/assets/pets/cat-3-sad.webp"
"02-pet-expressions.txt","013","나비 최종 표정","오른쪽 아래","cat-3-cheer","나비 최종 응원","public/assets/pets/cat-3-cheer.webp"
"02-pet-expressions.txt","014","용이 아기 표정","왼쪽 위","dragon-1-happy","용이 아기 기뻐함","public/assets/pets/dragon-1-happy.webp"
"02-pet-expressions.txt","014","용이 아기 표정","오른쪽 위","dragon-1-eat","용이 아기 냠냠","public/assets/pets/dragon-1-eat.webp"
"02-pet-expressions.txt","014","용이 아기 표정","왼쪽 아래","dragon-1-sad","용이 아기 시무룩","public/assets/pets/dragon-1-sad.webp"
"02-pet-expressions.txt","014","용이 아기 표정","오른쪽 아래","dragon-1-cheer","용이 아기 응원","public/assets/pets/dragon-1-cheer.webp"
"02-pet-expressions.txt","015","용이 성장 표정","왼쪽 위","dragon-2-happy","용이 성장 기뻐함","public/assets/pets/dragon-2-happy.webp"
"02-pet-expressions.txt","015","용이 성장 표정","오른쪽 위","dragon-2-eat","용이 성장 냠냠","public/assets/pets/dragon-2-eat.webp"
"02-pet-expressions.txt","015","용이 성장 표정","왼쪽 아래","dragon-2-sad","용이 성장 시무룩","public/assets/pets/dragon-2-sad.webp"
"02-pet-expressions.txt","015","용이 성장 표정","오른쪽 아래","dragon-2-cheer","용이 성장 응원","public/assets/pets/dragon-2-cheer.webp"
"02-pet-expressions.txt","016","용이 최종 표정","왼쪽 위","dragon-3-happy","용이 최종 기뻐함","public/assets/pets/dragon-3-happy.webp"
"02-pet-expressions.txt","016","용이 최종 표정","오른쪽 위","dragon-3-eat","용이 최종 냠냠","public/assets/pets/dragon-3-eat.webp"
"02-pet-expressions.txt","016","용이 최종 표정","왼쪽 아래","dragon-3-sad","용이 최종 시무룩","public/assets/pets/dragon-3-sad.webp"
"02-pet-expressions.txt","016","용이 최종 표정","오른쪽 아래","dragon-3-cheer","용이 최종 응원","public/assets/pets/dragon-3-cheer.webp"
"02-pet-expressions.txt","017","밤부 아기 표정","왼쪽 위","panda-1-happy","밤부 아기 기뻐함","public/assets/pets/panda-1-happy.webp"
"02-pet-expressions.txt","017","밤부 아기 표정","오른쪽 위","panda-1-eat","밤부 아기 냠냠","public/assets/pets/panda-1-eat.webp"
"02-pet-expressions.txt","017","밤부 아기 표정","왼쪽 아래","panda-1-sad","밤부 아기 시무룩","public/assets/pets/panda-1-sad.webp"
"02-pet-expressions.txt","017","밤부 아기 표정","오른쪽 아래","panda-1-cheer","밤부 아기 응원","public/assets/pets/panda-1-cheer.webp"
"02-pet-expressions.txt","018","밤부 성장 표정","왼쪽 위","panda-2-happy","밤부 성장 기뻐함","public/assets/pets/panda-2-happy.webp"
"02-pet-expressions.txt","018","밤부 성장 표정","오른쪽 위","panda-2-eat","밤부 성장 냠냠","public/assets/pets/panda-2-eat.webp"
"02-pet-expressions.txt","018","밤부 성장 표정","왼쪽 아래","panda-2-sad","밤부 성장 시무룩","public/assets/pets/panda-2-sad.webp"
"02-pet-expressions.txt","018","밤부 성장 표정","오른쪽 아래","panda-2-cheer","밤부 성장 응원","public/assets/pets/panda-2-cheer.webp"
"02-pet-expressions.txt","019","밤부 최종 표정","왼쪽 위","panda-3-happy","밤부 최종 기뻐함","public/assets/pets/panda-3-happy.webp"
"02-pet-expressions.txt","019","밤부 최종 표정","오른쪽 위","panda-3-eat","밤부 최종 냠냠","public/assets/pets/panda-3-eat.webp"
"02-pet-expressions.txt","019","밤부 최종 표정","왼쪽 아래","panda-3-sad","밤부 최종 시무룩","public/assets/pets/panda-3-sad.webp"
"02-pet-expressions.txt","019","밤부 최종 표정","오른쪽 아래","panda-3-cheer","밤부 최종 응원","public/assets/pets/panda-3-cheer.webp"
"02-pet-expressions.txt","020","초롱 아기 표정","왼쪽 위","snake-1-happy","초롱 아기 기뻐함","public/assets/pets/snake-1-happy.webp"
"02-pet-expressions.txt","020","초롱 아기 표정","오른쪽 위","snake-1-eat","초롱 아기 냠냠","public/assets/pets/snake-1-eat.webp"
"02-pet-expressions.txt","020","초롱 아기 표정","왼쪽 아래","snake-1-sad","초롱 아기 시무룩","public/assets/pets/snake-1-sad.webp"
"02-pet-expressions.txt","020","초롱 아기 표정","오른쪽 아래","snake-1-cheer","초롱 아기 응원","public/assets/pets/snake-1-cheer.webp"
"02-pet-expressions.txt","021","초롱 성장 표정","왼쪽 위","snake-2-happy","초롱 성장 기뻐함","public/assets/pets/snake-2-happy.webp"
"02-pet-expressions.txt","021","초롱 성장 표정","오른쪽 위","snake-2-eat","초롱 성장 냠냠","public/assets/pets/snake-2-eat.webp"
"02-pet-expressions.txt","021","초롱 성장 표정","왼쪽 아래","snake-2-sad","초롱 성장 시무룩","public/assets/pets/snake-2-sad.webp"
"02-pet-expressions.txt","021","초롱 성장 표정","오른쪽 아래","snake-2-cheer","초롱 성장 응원","public/assets/pets/snake-2-cheer.webp"
"02-pet-expressions.txt","022","초롱 최종 표정","왼쪽 위","snake-3-happy","초롱 최종 기뻐함","public/assets/pets/snake-3-happy.webp"
"02-pet-expressions.txt","022","초롱 최종 표정","오른쪽 위","snake-3-eat","초롱 최종 냠냠","public/assets/pets/snake-3-eat.webp"
"02-pet-expressions.txt","022","초롱 최종 표정","왼쪽 아래","snake-3-sad","초롱 최종 시무룩","public/assets/pets/snake-3-sad.webp"
"02-pet-expressions.txt","022","초롱 최종 표정","오른쪽 아래","snake-3-cheer","초롱 최종 응원","public/assets/pets/snake-3-cheer.webp"
"02-pet-expressions.txt","023","토리 아기 표정","왼쪽 위","rabbit-1-happy","토리 아기 기뻐함","public/assets/pets/rabbit-1-happy.webp"
"02-pet-expressions.txt","023","토리 아기 표정","오른쪽 위","rabbit-1-eat","토리 아기 냠냠","public/assets/pets/rabbit-1-eat.webp"
"02-pet-expressions.txt","023","토리 아기 표정","왼쪽 아래","rabbit-1-sad","토리 아기 시무룩","public/assets/pets/rabbit-1-sad.webp"
"02-pet-expressions.txt","023","토리 아기 표정","오른쪽 아래","rabbit-1-cheer","토리 아기 응원","public/assets/pets/rabbit-1-cheer.webp"
"02-pet-expressions.txt","024","토리 성장 표정","왼쪽 위","rabbit-2-happy","토리 성장 기뻐함","public/assets/pets/rabbit-2-happy.webp"
"02-pet-expressions.txt","024","토리 성장 표정","오른쪽 위","rabbit-2-eat","토리 성장 냠냠","public/assets/pets/rabbit-2-eat.webp"
"02-pet-expressions.txt","024","토리 성장 표정","왼쪽 아래","rabbit-2-sad","토리 성장 시무룩","public/assets/pets/rabbit-2-sad.webp"
"02-pet-expressions.txt","024","토리 성장 표정","오른쪽 아래","rabbit-2-cheer","토리 성장 응원","public/assets/pets/rabbit-2-cheer.webp"
"02-pet-expressions.txt","025","토리 최종 표정","왼쪽 위","rabbit-3-happy","토리 최종 기뻐함","public/assets/pets/rabbit-3-happy.webp"
"02-pet-expressions.txt","025","토리 최종 표정","오른쪽 위","rabbit-3-eat","토리 최종 냠냠","public/assets/pets/rabbit-3-eat.webp"
"02-pet-expressions.txt","025","토리 최종 표정","왼쪽 아래","rabbit-3-sad","토리 최종 시무룩","public/assets/pets/rabbit-3-sad.webp"
"02-pet-expressions.txt","025","토리 최종 표정","오른쪽 아래","rabbit-3-cheer","토리 최종 응원","public/assets/pets/rabbit-3-cheer.webp"
"02-pet-expressions.txt","026","호야 아기 표정","왼쪽 위","fox-1-happy","호야 아기 기뻐함","public/assets/pets/fox-1-happy.webp"
"02-pet-expressions.txt","026","호야 아기 표정","오른쪽 위","fox-1-eat","호야 아기 냠냠","public/assets/pets/fox-1-eat.webp"
"02-pet-expressions.txt","026","호야 아기 표정","왼쪽 아래","fox-1-sad","호야 아기 시무룩","public/assets/pets/fox-1-sad.webp"
"02-pet-expressions.txt","026","호야 아기 표정","오른쪽 아래","fox-1-cheer","호야 아기 응원","public/assets/pets/fox-1-cheer.webp"
"02-pet-expressions.txt","027","호야 성장 표정","왼쪽 위","fox-2-happy","호야 성장 기뻐함","public/assets/pets/fox-2-happy.webp"
"02-pet-expressions.txt","027","호야 성장 표정","오른쪽 위","fox-2-eat","호야 성장 냠냠","public/assets/pets/fox-2-eat.webp"
"02-pet-expressions.txt","027","호야 성장 표정","왼쪽 아래","fox-2-sad","호야 성장 시무룩","public/assets/pets/fox-2-sad.webp"
"02-pet-expressions.txt","027","호야 성장 표정","오른쪽 아래","fox-2-cheer","호야 성장 응원","public/assets/pets/fox-2-cheer.webp"
"02-pet-expressions.txt","028","호야 최종 표정","왼쪽 위","fox-3-happy","호야 최종 기뻐함","public/assets/pets/fox-3-happy.webp"
"02-pet-expressions.txt","028","호야 최종 표정","오른쪽 위","fox-3-eat","호야 최종 냠냠","public/assets/pets/fox-3-eat.webp"
"02-pet-expressions.txt","028","호야 최종 표정","왼쪽 아래","fox-3-sad","호야 최종 시무룩","public/assets/pets/fox-3-sad.webp"
"02-pet-expressions.txt","028","호야 최종 표정","오른쪽 아래","fox-3-cheer","호야 최종 응원","public/assets/pets/fox-3-cheer.webp"
"03-ui-icons-trophies.txt","029","UI 아이콘 1","왼쪽 위","ui-care-feed","밥 주기","public/assets/ui/care-feed.webp"
"03-ui-icons-trophies.txt","029","UI 아이콘 1","오른쪽 위","ui-care-pet","쓰다듬기","public/assets/ui/care-pet.webp"
"03-ui-icons-trophies.txt","029","UI 아이콘 1","왼쪽 아래","ui-care-warm","알 데워주기","public/assets/ui/care-warm.webp"
"03-ui-icons-trophies.txt","029","UI 아이콘 1","오른쪽 아래","ui-notice","선생님 공지","public/assets/ui/notice.webp"
"03-ui-icons-trophies.txt","030","UI 아이콘 2","왼쪽 위","ui-bell","알림","public/assets/ui/bell.webp"
"03-ui-icons-trophies.txt","030","UI 아이콘 2","오른쪽 위","ui-star-word","어려운 단어","public/assets/ui/star-word.webp"
"03-ui-icons-trophies.txt","030","UI 아이콘 2","왼쪽 아래","ui-stopwatch","실전 시간","public/assets/ui/stopwatch.webp"
"03-ui-icons-trophies.txt","030","UI 아이콘 2","오른쪽 아래","ui-leave-warn","화면 이탈","public/assets/ui/leave-warn.webp"
"03-ui-icons-trophies.txt","031","UI 아이콘 3","왼쪽 위","ui-coin","코인","public/assets/ui/coin.webp"
"03-ui-icons-trophies.txt","031","UI 아이콘 3","오른쪽 위","ui-xp","경험치","public/assets/ui/xp.webp"
"03-ui-icons-trophies.txt","031","UI 아이콘 3","왼쪽 아래","ui-attendance","출석","public/assets/ui/attendance.webp"
"03-ui-icons-trophies.txt","031","UI 아이콘 3","오른쪽 아래","ui-gift","선물 상자","public/assets/ui/gift.webp"
"03-ui-icons-trophies.txt","032","UI 아이콘 4","왼쪽 위","ui-egg-shop","알 상점","public/assets/ui/egg-shop.webp"
"03-ui-icons-trophies.txt","032","UI 아이콘 4","오른쪽 위","ui-streak","연속 학습","public/assets/ui/streak.webp"
"03-ui-icons-trophies.txt","032","UI 아이콘 4","왼쪽 아래","ui-install","앱 설치","public/assets/ui/install.webp"
"03-ui-icons-trophies.txt","032","UI 아이콘 4","오른쪽 아래","ui-arcade","놀이터","public/assets/ui/arcade.webp"
"03-ui-icons-trophies.txt","033","시즌 트로피","왼쪽 위","season-bronze","시즌 트로피 브론즈","public/assets/ui/season-bronze.webp"
"03-ui-icons-trophies.txt","033","시즌 트로피","오른쪽 위","season-silver","시즌 트로피 실버","public/assets/ui/season-silver.webp"
"03-ui-icons-trophies.txt","033","시즌 트로피","왼쪽 아래","season-gold","시즌 트로피 골드","public/assets/ui/season-gold.webp"
"03-ui-icons-trophies.txt","033","시즌 트로피","오른쪽 아래","season-diamond","시즌 트로피 다이아","public/assets/ui/season-diamond.webp"
