phase,priority,status,project,id,name,file,size,out,background,count,quality,reference,after,use,full_prompt
1,1,todo,03-new-pets,pet-axolotl-2,우파 성장 (마스터),public/assets/pets/axolotl-2.webp,1024x1024,512x512,transparent,4,high,public/assets/pets/dog-2.webp ; public/assets/pets/dragon-2.webp,,새 펫 우파의 기준 그림. 승인한 한 장이 이후 모든 그림의 참조,"A brand-new pet character ""우파"" (UPA): pink axolotl with frilly gills and a sweet smile. Growing (middle) stage, lively and friendly. Main color #F28DB2, light accent #FFC9DC. Match the style, size, pose and lighting of the reference pets exactly, but it is a different animal.

Cute chibi 3D-rendered mascot in exactly the same art style as the reference image: soft pastel colors, big glossy eyes, gentle rim light, smooth clean shading, very thin soft outline. One character, full body, 3/4 front view, centered, feet resting on an invisible baseline at 88% of the image height, 8% empty margin on every side. Transparent background, no ground shadow, no text, no frame, no border."
1,1,todo,03-new-pets,pet-bear-2,곰돌 성장 (마스터),public/assets/pets/bear-2.webp,1024x1024,512x512,transparent,4,high,public/assets/pets/dog-2.webp ; public/assets/pets/dragon-2.webp,,새 펫 곰돌의 기준 그림. 승인한 한 장이 이후 모든 그림의 참조,"A brand-new pet character ""곰돌"" (GOMDOL): brown teddy bear cub with a honey-colored belly. Growing (middle) stage, lively and friendly. Main color #9A6B4A, light accent #D8B08C. Match the style, size, pose and lighting of the reference pets exactly, but it is a different animal.

Cute chibi 3D-rendered mascot in exactly the same art style as the reference image: soft pastel colors, big glossy eyes, gentle rim light, smooth clean shading, very thin soft outline. One character, full body, 3/4 front view, centered, feet resting on an invisible baseline at 88% of the image height, 8% empty margin on every side. Transparent background, no ground shadow, no text, no frame, no border."
1,1,todo,03-new-pets,pet-hamster-2,햄찌 성장 (마스터),public/assets/pets/hamster-2.webp,1024x1024,512x512,transparent,4,high,public/assets/pets/dog-2.webp ; public/assets/pets/dragon-2.webp,,새 펫 햄찌의 기준 그림. 승인한 한 장이 이후 모든 그림의 참조,"A brand-new pet character ""햄찌"" (HAMJJI): chubby golden hamster with stuffed cheeks. Growing (middle) stage, lively and friendly. Main color #E0A458, light accent #F6D29B. Match the style, size, pose and lighting of the reference pets exactly, but it is a different animal.

Cute chibi 3D-rendered mascot in exactly the same art style as the reference image: soft pastel colors, big glossy eyes, gentle rim light, smooth clean shading, very thin soft outline. One character, full body, 3/4 front view, centered, feet resting on an invisible baseline at 88% of the image height, 8% empty margin on every side. Transparent background, no ground shadow, no text, no frame, no border."
1,1,todo,03-new-pets,pet-owl-2,부엉 성장 (마스터),public/assets/pets/owl-2.webp,1024x1024,512x512,transparent,4,high,public/assets/pets/dog-2.webp ; public/assets/pets/dragon-2.webp,,새 펫 부엉의 기준 그림. 승인한 한 장이 이후 모든 그림의 참조,"A brand-new pet character ""부엉"" (BUNG): round owlet with big study-glasses-like eye rings. Growing (middle) stage, lively and friendly. Main color #8C6FBE, light accent #CDBEF0. Match the style, size, pose and lighting of the reference pets exactly, but it is a different animal.

Cute chibi 3D-rendered mascot in exactly the same art style as the reference image: soft pastel colors, big glossy eyes, gentle rim light, smooth clean shading, very thin soft outline. One character, full body, 3/4 front view, centered, feet resting on an invisible baseline at 88% of the image height, 8% empty margin on every side. Transparent background, no ground shadow, no text, no frame, no border."
1,1,todo,03-new-pets,pet-penguin-2,펭구 성장 (마스터),public/assets/pets/penguin-2.webp,1024x1024,512x512,transparent,4,high,public/assets/pets/dog-2.webp ; public/assets/pets/dragon-2.webp,,새 펫 펭구의 기준 그림. 승인한 한 장이 이후 모든 그림의 참조,"A brand-new pet character ""펭구"" (PENGU): baby penguin with a tiny scarf. Growing (middle) stage, lively and friendly. Main color #4A6FA5, light accent #A9C6EE. Match the style, size, pose and lighting of the reference pets exactly, but it is a different animal.

Cute chibi 3D-rendered mascot in exactly the same art style as the reference image: soft pastel colors, big glossy eyes, gentle rim light, smooth clean shading, very thin soft outline. One character, full body, 3/4 front view, centered, feet resting on an invisible baseline at 88% of the image height, 8% empty margin on every side. Transparent background, no ground shadow, no text, no frame, no border."
1,1,todo,03-new-pets,pet-tiger-2,호랭 성장 (마스터),public/assets/pets/tiger-2.webp,1024x1024,512x512,transparent,4,high,public/assets/pets/dog-2.webp ; public/assets/pets/dragon-2.webp,,새 펫 호랭의 기준 그림. 승인한 한 장이 이후 모든 그림의 참조,"A brand-new pet character ""호랭"" (HORANG): Korean tiger cub with soft orange stripes. Growing (middle) stage, lively and friendly. Main color #EE8A2F, light accent #FFC57A. Match the style, size, pose and lighting of the reference pets exactly, but it is a different animal.

Cute chibi 3D-rendered mascot in exactly the same art style as the reference image: soft pastel colors, big glossy eyes, gentle rim light, smooth clean shading, very thin soft outline. One character, full body, 3/4 front view, centered, feet resting on an invisible baseline at 88% of the image height, 8% empty margin on every side. Transparent background, no ground shadow, no text, no frame, no border."
1,1,todo,03-new-pets,pet-turtle-2,꼬북 성장 (마스터),public/assets/pets/turtle-2.webp,1024x1024,512x512,transparent,4,high,public/assets/pets/dog-2.webp ; public/assets/pets/dragon-2.webp,,새 펫 꼬북의 기준 그림. 승인한 한 장이 이후 모든 그림의 참조,"A brand-new pet character ""꼬북"" (KKOBUK): sea turtle with a glossy mint shell. Growing (middle) stage, lively and friendly. Main color #3FAF9A, light accent #9BE3D2. Match the style, size, pose and lighting of the reference pets exactly, but it is a different animal.

Cute chibi 3D-rendered mascot in exactly the same art style as the reference image: soft pastel colors, big glossy eyes, gentle rim light, smooth clean shading, very thin soft outline. One character, full body, 3/4 front view, centered, feet resting on an invisible baseline at 88% of the image height, 8% empty margin on every side. Transparent background, no ground shadow, no text, no frame, no border."
1,1,todo,03-new-pets,pet-unicorn-2,유니 성장 (마스터),public/assets/pets/unicorn-2.webp,1024x1024,512x512,transparent,4,high,public/assets/pets/dog-2.webp ; public/assets/pets/dragon-2.webp,,새 펫 유니의 기준 그림. 승인한 한 장이 이후 모든 그림의 참조,"A brand-new pet character ""유니"" (UNI): pastel unicorn foal with a rainbow mane and small star horn. Growing (middle) stage, lively and friendly. Main color #B18CE8, light accent #E2D0FF. Match the style, size, pose and lighting of the reference pets exactly, but it is a different animal.

Cute chibi 3D-rendered mascot in exactly the same art style as the reference image: soft pastel colors, big glossy eyes, gentle rim light, smooth clean shading, very thin soft outline. One character, full body, 3/4 front view, centered, feet resting on an invisible baseline at 88% of the image height, 8% empty margin on every side. Transparent background, no ground shadow, no text, no frame, no border."
1,2,todo,04-robots,bot-guardian,가디언 (마스터),public/assets/bots/guardian.webp,1024x1024,512x512,transparent,4,high,public/assets/pets/robot-2.webp,,연습 대결 상대 · 어려움,"A new practice-opponent robot ""가디언"": sturdy knight-like shield robot with a visor, navy and silver with gold trim. Personality: 느리지만 거의 안 틀려요. Same style family as the reference robot but clearly a different design.

Cute chibi 3D toy-like robot mascot in the same art style as the reference image: rounded glossy plastic shell with soft metal parts, big friendly screen eyes, pastel colors, gentle rim light. One character, full body, 3/4 front view, centered, feet on an invisible baseline at 88% of the image height, 8% margin. Transparent background, no ground shadow, no text."
1,2,todo,04-robots,bot-king,킹봇 (마스터),public/assets/bots/king.webp,1024x1024,512x512,transparent,4,high,public/assets/pets/robot-2.webp,,연습 대결 상대 · 최강,"A new practice-opponent robot ""킹봇"": royal robot with a crown-shaped head, cape and golden armor plates, purple and gold. Personality: 주간 최강 로봇(보스 전 단계). Same style family as the reference robot but clearly a different design.

Cute chibi 3D toy-like robot mascot in the same art style as the reference image: rounded glossy plastic shell with soft metal parts, big friendly screen eyes, pastel colors, gentle rim light. One character, full body, 3/4 front view, centered, feet on an invisible baseline at 88% of the image height, 8% margin. Transparent background, no ground shadow, no text."
1,2,todo,04-robots,bot-ninja,닌자봇 (마스터),public/assets/bots/ninja.webp,1024x1024,512x512,transparent,4,high,public/assets/pets/robot-2.webp,,연습 대결 상대 · 변칙,"A new practice-opponent robot ""닌자봇"": sleek ninja robot with a scarf and a tiny shuriken badge, charcoal and mint. Personality: 갑자기 빨라졌다 느려졌다. Same style family as the reference robot but clearly a different design.

Cute chibi 3D toy-like robot mascot in the same art style as the reference image: rounded glossy plastic shell with soft metal parts, big friendly screen eyes, pastel colors, gentle rim light. One character, full body, 3/4 front view, centered, feet on an invisible baseline at 88% of the image height, 8% margin. Transparent background, no ground shadow, no text."
1,2,todo,04-robots,bot-ppippo,삐뽀 (마스터),public/assets/bots/ppippo.webp,1024x1024,512x512,transparent,4,high,public/assets/pets/robot-2.webp,,연습 대결 상대 · 쉬움,"A new practice-opponent robot ""삐뽀"": small round vacuum-cleaner robot with a mop tuft and sleepy blinking screen eyes, mint and white. Personality: 느긋한 청소 로봇. 가끔 틀려요. Same style family as the reference robot but clearly a different design.

Cute chibi 3D toy-like robot mascot in the same art style as the reference image: rounded glossy plastic shell with soft metal parts, big friendly screen eyes, pastel colors, gentle rim light. One character, full body, 3/4 front view, centered, feet on an invisible baseline at 88% of the image height, 8% margin. Transparent background, no ground shadow, no text."
1,2,todo,04-robots,bot-speller,스펠봇 (마스터),public/assets/bots/speller.webp,1024x1024,512x512,transparent,4,high,public/assets/pets/robot-2.webp,,연습 대결 상대 · 실력전,"A new practice-opponent robot ""스펠봇"": typewriter-headed robot with keyboard-key buttons on its chest, cream and teal. Personality: 철자 쓰기의 달인. Same style family as the reference robot but clearly a different design.

Cute chibi 3D toy-like robot mascot in the same art style as the reference image: rounded glossy plastic shell with soft metal parts, big friendly screen eyes, pastel colors, gentle rim light. One character, full body, 3/4 front view, centered, feet on an invisible baseline at 88% of the image height, 8% margin. Transparent background, no ground shadow, no text."
1,2,todo,04-robots,bot-teacher,티처봇 (마스터),public/assets/bots/teacher.webp,1024x1024,512x512,transparent,4,high,public/assets/pets/robot-2.webp,,연습 대결 상대 · 복습 대결,"A new practice-opponent robot ""티처봇"": friendly teacher robot with round glasses, a pointer stick and a tiny chalkboard, green and beige. Personality: 틀린 단어를 다시 내는 선생님 로봇. Same style family as the reference robot but clearly a different design.

Cute chibi 3D toy-like robot mascot in the same art style as the reference image: rounded glossy plastic shell with soft metal parts, big friendly screen eyes, pastel colors, gentle rim light. One character, full body, 3/4 front view, centered, feet on an invisible baseline at 88% of the image height, 8% margin. Transparent background, no ground shadow, no text."
1,2,todo,04-robots,bot-zap,번개봇 (마스터),public/assets/bots/zap.webp,1024x1024,512x512,transparent,4,high,public/assets/pets/robot-2.webp,,연습 대결 상대 · 스피드전,"A new practice-opponent robot ""번개봇"": lightning-fast racing robot with a lightning-bolt antenna and wheel feet, yellow and electric blue. Personality: 엄청 빠르지만 덜렁대요. Same style family as the reference robot but clearly a different design.

Cute chibi 3D toy-like robot mascot in the same art style as the reference image: rounded glossy plastic shell with soft metal parts, big friendly screen eyes, pastel colors, gentle rim light. One character, full body, 3/4 front view, centered, feet on an invisible baseline at 88% of the image height, 8% margin. Transparent background, no ground shadow, no text."
1,3,todo,08-app,app-icon-master,앱 아이콘 마스터,public/icons/app-icon-master.png,1024x1024,1024x1024,opaque,4,high,public/sumus-logo-green.svg ; public/assets/pets/dog-2.webp,,홈 화면 아이콘(받으면 모든 크기로 변환),"Mint gradient (#31D29A to #07956C) full-bleed background, a bold white rounded ""S"" stroke logo in the center like the first reference, and the puppy 몽이 from the second reference peeking from the bottom-right corner.

Square app icon artwork, full-bleed background to every edge (no rounded corners, no transparency), important content inside the central 80%, bold and readable at 60px, no text except where asked."
1,5,todo,05-bosses,boss-clock,보스 3. 째깍 도둑 (마스터),public/assets/bosses/clock.webp,1024x1024,768x768,transparent,4,high,public/assets/pets/dragon-3.webp,,보스전 기본 모습,"Boss #3 ""째깍 도둑"": sneaky clock monster with a mask and a sack of stolen minutes, ticking hands as arms. Pose: standing ready, confident taunting pose.

Cute-but-mighty chibi 3D game boss for a teen vocabulary game, same rendering quality as the reference: bold readable silhouette, playful menace (never gory or truly scary), glossy materials, strong rim light. One character, full body, facing slightly left toward the player, centered, 6% margin. Transparent background, no ground shadow, no text."
1,5,todo,05-bosses,boss-dictdragon,보스 8. 딕셔너리 드래곤 (마스터),public/assets/bosses/dictdragon.webp,1024x1024,768x768,transparent,4,high,public/assets/pets/dragon-3.webp,,보스전 기본 모습,"Boss #8 ""딕셔너리 드래곤"": grand dragon whose wings are open dictionary pages and scales are tiny letters. Pose: standing ready, confident taunting pose.

Cute-but-mighty chibi 3D game boss for a teen vocabulary game, same rendering quality as the reference: bold readable silhouette, playful menace (never gory or truly scary), glossy materials, strong rim light. One character, full body, facing slightly left toward the player, centered, 6% margin. Transparent background, no ground shadow, no text."
1,5,todo,05-bosses,boss-finalking,보스 9. 수능 대마왕 (마스터),public/assets/bosses/finalking.webp,1024x1024,768x768,transparent,4,high,public/assets/pets/dragon-3.webp,,보스전 기본 모습,"Boss #9 ""수능 대마왕"": final boss: towering exam demon king in an armor of test papers, crown of pencils, OMR-card cape. Pose: standing ready, confident taunting pose.

Cute-but-mighty chibi 3D game boss for a teen vocabulary game, same rendering quality as the reference: bold readable silhouette, playful menace (never gory or truly scary), glossy materials, strong rim light. One character, full body, facing slightly left toward the player, centered, 6% margin. Transparent background, no ground shadow, no text."
1,5,todo,05-bosses,boss-forgetghost,보스 2. 까먹귀 (마스터),public/assets/bosses/forgetghost.webp,1024x1024,768x768,transparent,4,high,public/assets/pets/dragon-3.webp,,보스전 기본 모습,"Boss #2 ""까먹귀"": mischievous little ghost that erases words, holding a giant pink eraser, trailing faded letters. Pose: standing ready, confident taunting pose.

Cute-but-mighty chibi 3D game boss for a teen vocabulary game, same rendering quality as the reference: bold readable silhouette, playful menace (never gory or truly scary), glossy materials, strong rim light. One character, full body, facing slightly left toward the player, centered, 6% margin. Transparent background, no ground shadow, no text."
1,5,todo,05-bosses,boss-golem,보스 4. 문법 골렘 (마스터),public/assets/bosses/golem.webp,1024x1024,768x768,transparent,4,high,public/assets/pets/dragon-3.webp,,보스전 기본 모습,"Boss #4 ""문법 골렘"": stone golem built from grammar blocks and punctuation marks, glowing rune-like commas. Pose: standing ready, confident taunting pose.

Cute-but-mighty chibi 3D game boss for a teen vocabulary game, same rendering quality as the reference: bold readable silhouette, playful menace (never gory or truly scary), glossy materials, strong rim light. One character, full body, facing slightly left toward the player, centered, 6% margin. Transparent background, no ground shadow, no text."
1,5,todo,05-bosses,boss-owlnight,보스 7. 밤샘 부엉 대장 (마스터),public/assets/bosses/owlnight.webp,1024x1024,768x768,transparent,4,high,public/assets/pets/dragon-3.webp,,보스전 기본 모습,"Boss #7 ""밤샘 부엉 대장"": huge sleepy-but-grumpy owl general with dark circles, armored in stacked notebooks. Pose: standing ready, confident taunting pose.

Cute-but-mighty chibi 3D game boss for a teen vocabulary game, same rendering quality as the reference: bold readable silhouette, playful menace (never gory or truly scary), glossy materials, strong rim light. One character, full body, facing slightly left toward the player, centered, 6% margin. Transparent background, no ground shadow, no text."
1,5,todo,05-bosses,boss-phone,보스 5. 폰마왕 (마스터),public/assets/bosses/phone.webp,1024x1024,768x768,transparent,4,high,public/assets/pets/dragon-3.webp,,보스전 기본 모습,"Boss #5 ""폰마왕"": demon-king smartphone with notification bubbles as horns, tempting glowing screen, cheeky grin. Pose: standing ready, confident taunting pose.

Cute-but-mighty chibi 3D game boss for a teen vocabulary game, same rendering quality as the reference: bold readable silhouette, playful menace (never gory or truly scary), glossy materials, strong rim light. One character, full body, facing slightly left toward the player, centered, 6% margin. Transparent background, no ground shadow, no text."
1,5,todo,05-bosses,boss-pirate,보스 6. 오답 해적 선장 (마스터),public/assets/bosses/pirate.webp,1024x1024,768x768,transparent,4,high,public/assets/pets/dragon-3.webp,,보스전 기본 모습,"Boss #6 ""오답 해적 선장"": pirate captain made of crossed-out wrong answers, red X eyepatch, parrot-like red pen. Pose: standing ready, confident taunting pose.

Cute-but-mighty chibi 3D game boss for a teen vocabulary game, same rendering quality as the reference: bold readable silhouette, playful menace (never gory or truly scary), glossy materials, strong rim light. One character, full body, facing slightly left toward the player, centered, 6% margin. Transparent background, no ground shadow, no text."
1,5,todo,05-bosses,boss-slime,보스 1. 스펠링 슬라임 (마스터),public/assets/bosses/slime.webp,1024x1024,768x768,transparent,4,high,public/assets/pets/dragon-3.webp,,보스전 기본 모습,"Boss #1 ""스펠링 슬라임"": jelly slime made of jumbled alphabet letters floating inside, wobbly and silly. Pose: standing ready, confident taunting pose.

Cute-but-mighty chibi 3D game boss for a teen vocabulary game, same rendering quality as the reference: bold readable silhouette, playful menace (never gory or truly scary), glossy materials, strong rim light. One character, full body, facing slightly left toward the player, centered, 6% margin. Transparent background, no ground shadow, no text."
