폴더,이름,저장 경로(파일명),크기,배경,후보 수,참조 이미지(고정),프롬프트,메모
1-pet-happy,몽이 아기(1단계) 기뻐하는 얼굴,public/assets/pets/dog-1-happy.webp,512x512,투명,3,"public/assets/pets/dog-1.webp (마스터, 고정)","참조 이미지와 똑같은 몽이(강아지) 아기(1단계) 캐릭터. 같은 몸 비율·색·무늬·장신구 유지. 눈을 감고 활짝 웃으며 볼이 발그레한 표정, 작은 하트 2~3개가 머리 위에 떠 있음. 포즈는 참조와 거의 같게. 기존 SUMUS 펫 그림과 같은 화풍: 귀여운 치비 3D 일러스트, 부드러운 파스텔 색, 큰 반짝이는 눈, 은은한 림라이트, 캐릭터 정중앙, 테두리 여백 8%, 바닥 그림자 없음, 글자 없음",쓰다듬기·밥 주기·야차전 승리 때 표정. 1순위
1-pet-happy,몽이 성장(2단계) 기뻐하는 얼굴,public/assets/pets/dog-2-happy.webp,512x512,투명,3,"public/assets/pets/dog-2.webp (마스터, 고정)","참조 이미지와 똑같은 몽이(강아지) 성장(2단계) 캐릭터. 같은 몸 비율·색·무늬·장신구 유지. 눈을 감고 활짝 웃으며 볼이 발그레한 표정, 작은 하트 2~3개가 머리 위에 떠 있음. 포즈는 참조와 거의 같게. 기존 SUMUS 펫 그림과 같은 화풍: 귀여운 치비 3D 일러스트, 부드러운 파스텔 색, 큰 반짝이는 눈, 은은한 림라이트, 캐릭터 정중앙, 테두리 여백 8%, 바닥 그림자 없음, 글자 없음",쓰다듬기·밥 주기·야차전 승리 때 표정. 1순위
1-pet-happy,몽이 최종(3단계) 기뻐하는 얼굴,public/assets/pets/dog-3-happy.webp,512x512,투명,3,"public/assets/pets/dog-3.webp (마스터, 고정)","참조 이미지와 똑같은 몽이(강아지) 최종(3단계) 캐릭터. 같은 몸 비율·색·무늬·장신구 유지. 눈을 감고 활짝 웃으며 볼이 발그레한 표정, 작은 하트 2~3개가 머리 위에 떠 있음. 포즈는 참조와 거의 같게. 기존 SUMUS 펫 그림과 같은 화풍: 귀여운 치비 3D 일러스트, 부드러운 파스텔 색, 큰 반짝이는 눈, 은은한 림라이트, 캐릭터 정중앙, 테두리 여백 8%, 바닥 그림자 없음, 글자 없음",쓰다듬기·밥 주기·야차전 승리 때 표정. 1순위
1-pet-happy,핑키 아기(1단계) 기뻐하는 얼굴,public/assets/pets/pig-1-happy.webp,512x512,투명,3,"public/assets/pets/pig-1.webp (마스터, 고정)","참조 이미지와 똑같은 핑키(돼지) 아기(1단계) 캐릭터. 같은 몸 비율·색·무늬·장신구 유지. 눈을 감고 활짝 웃으며 볼이 발그레한 표정, 작은 하트 2~3개가 머리 위에 떠 있음. 포즈는 참조와 거의 같게. 기존 SUMUS 펫 그림과 같은 화풍: 귀여운 치비 3D 일러스트, 부드러운 파스텔 색, 큰 반짝이는 눈, 은은한 림라이트, 캐릭터 정중앙, 테두리 여백 8%, 바닥 그림자 없음, 글자 없음",쓰다듬기·밥 주기·야차전 승리 때 표정. 1순위
1-pet-happy,핑키 최종(3단계) 기뻐하는 얼굴,public/assets/pets/pig-3-happy.webp,512x512,투명,3,"public/assets/pets/pig-3.webp (마스터, 고정)","참조 이미지와 똑같은 핑키(돼지) 최종(3단계) 캐릭터. 같은 몸 비율·색·무늬·장신구 유지. 눈을 감고 활짝 웃으며 볼이 발그레한 표정, 작은 하트 2~3개가 머리 위에 떠 있음. 포즈는 참조와 거의 같게. 기존 SUMUS 펫 그림과 같은 화풍: 귀여운 치비 3D 일러스트, 부드러운 파스텔 색, 큰 반짝이는 눈, 은은한 림라이트, 캐릭터 정중앙, 테두리 여백 8%, 바닥 그림자 없음, 글자 없음",쓰다듬기·밥 주기·야차전 승리 때 표정. 1순위
1-pet-happy,나비 아기(1단계) 기뻐하는 얼굴,public/assets/pets/cat-1-happy.webp,512x512,투명,3,"public/assets/pets/cat-1.webp (마스터, 고정)","참조 이미지와 똑같은 나비(고양이) 아기(1단계) 캐릭터. 같은 몸 비율·색·무늬·장신구 유지. 눈을 감고 활짝 웃으며 볼이 발그레한 표정, 작은 하트 2~3개가 머리 위에 떠 있음. 포즈는 참조와 거의 같게. 기존 SUMUS 펫 그림과 같은 화풍: 귀여운 치비 3D 일러스트, 부드러운 파스텔 색, 큰 반짝이는 눈, 은은한 림라이트, 캐릭터 정중앙, 테두리 여백 8%, 바닥 그림자 없음, 글자 없음",쓰다듬기·밥 주기·야차전 승리 때 표정. 1순위
1-pet-happy,나비 성장(2단계) 기뻐하는 얼굴,public/assets/pets/cat-2-happy.webp,512x512,투명,3,"public/assets/pets/cat-2.webp (마스터, 고정)","참조 이미지와 똑같은 나비(고양이) 성장(2단계) 캐릭터. 같은 몸 비율·색·무늬·장신구 유지. 눈을 감고 활짝 웃으며 볼이 발그레한 표정, 작은 하트 2~3개가 머리 위에 떠 있음. 포즈는 참조와 거의 같게. 기존 SUMUS 펫 그림과 같은 화풍: 귀여운 치비 3D 일러스트, 부드러운 파스텔 색, 큰 반짝이는 눈, 은은한 림라이트, 캐릭터 정중앙, 테두리 여백 8%, 바닥 그림자 없음, 글자 없음",쓰다듬기·밥 주기·야차전 승리 때 표정. 1순위
1-pet-happy,나비 최종(3단계) 기뻐하는 얼굴,public/assets/pets/cat-3-happy.webp,512x512,투명,3,"public/assets/pets/cat-3.webp (마스터, 고정)","참조 이미지와 똑같은 나비(고양이) 최종(3단계) 캐릭터. 같은 몸 비율·색·무늬·장신구 유지. 눈을 감고 활짝 웃으며 볼이 발그레한 표정, 작은 하트 2~3개가 머리 위에 떠 있음. 포즈는 참조와 거의 같게. 기존 SUMUS 펫 그림과 같은 화풍: 귀여운 치비 3D 일러스트, 부드러운 파스텔 색, 큰 반짝이는 눈, 은은한 림라이트, 캐릭터 정중앙, 테두리 여백 8%, 바닥 그림자 없음, 글자 없음",쓰다듬기·밥 주기·야차전 승리 때 표정. 1순위
1-pet-happy,용이 아기(1단계) 기뻐하는 얼굴,public/assets/pets/dragon-1-happy.webp,512x512,투명,3,"public/assets/pets/dragon-1.webp (마스터, 고정)","참조 이미지와 똑같은 용이(용) 아기(1단계) 캐릭터. 같은 몸 비율·색·무늬·장신구 유지. 눈을 감고 활짝 웃으며 볼이 발그레한 표정, 작은 하트 2~3개가 머리 위에 떠 있음. 포즈는 참조와 거의 같게. 기존 SUMUS 펫 그림과 같은 화풍: 귀여운 치비 3D 일러스트, 부드러운 파스텔 색, 큰 반짝이는 눈, 은은한 림라이트, 캐릭터 정중앙, 테두리 여백 8%, 바닥 그림자 없음, 글자 없음",쓰다듬기·밥 주기·야차전 승리 때 표정. 1순위
1-pet-happy,용이 성장(2단계) 기뻐하는 얼굴,public/assets/pets/dragon-2-happy.webp,512x512,투명,3,"public/assets/pets/dragon-2.webp (마스터, 고정)","참조 이미지와 똑같은 용이(용) 성장(2단계) 캐릭터. 같은 몸 비율·색·무늬·장신구 유지. 눈을 감고 활짝 웃으며 볼이 발그레한 표정, 작은 하트 2~3개가 머리 위에 떠 있음. 포즈는 참조와 거의 같게. 기존 SUMUS 펫 그림과 같은 화풍: 귀여운 치비 3D 일러스트, 부드러운 파스텔 색, 큰 반짝이는 눈, 은은한 림라이트, 캐릭터 정중앙, 테두리 여백 8%, 바닥 그림자 없음, 글자 없음",쓰다듬기·밥 주기·야차전 승리 때 표정. 1순위
1-pet-happy,용이 최종(3단계) 기뻐하는 얼굴,public/assets/pets/dragon-3-happy.webp,512x512,투명,3,"public/assets/pets/dragon-3.webp (마스터, 고정)","참조 이미지와 똑같은 용이(용) 최종(3단계) 캐릭터. 같은 몸 비율·색·무늬·장신구 유지. 눈을 감고 활짝 웃으며 볼이 발그레한 표정, 작은 하트 2~3개가 머리 위에 떠 있음. 포즈는 참조와 거의 같게. 기존 SUMUS 펫 그림과 같은 화풍: 귀여운 치비 3D 일러스트, 부드러운 파스텔 색, 큰 반짝이는 눈, 은은한 림라이트, 캐릭터 정중앙, 테두리 여백 8%, 바닥 그림자 없음, 글자 없음",쓰다듬기·밥 주기·야차전 승리 때 표정. 1순위
1-pet-happy,밤부 아기(1단계) 기뻐하는 얼굴,public/assets/pets/panda-1-happy.webp,512x512,투명,3,"public/assets/pets/panda-1.webp (마스터, 고정)","참조 이미지와 똑같은 밤부(팬더) 아기(1단계) 캐릭터. 같은 몸 비율·색·무늬·장신구 유지. 눈을 감고 활짝 웃으며 볼이 발그레한 표정, 작은 하트 2~3개가 머리 위에 떠 있음. 포즈는 참조와 거의 같게. 기존 SUMUS 펫 그림과 같은 화풍: 귀여운 치비 3D 일러스트, 부드러운 파스텔 색, 큰 반짝이는 눈, 은은한 림라이트, 캐릭터 정중앙, 테두리 여백 8%, 바닥 그림자 없음, 글자 없음",쓰다듬기·밥 주기·야차전 승리 때 표정. 1순위
1-pet-happy,밤부 성장(2단계) 기뻐하는 얼굴,public/assets/pets/panda-2-happy.webp,512x512,투명,3,"public/assets/pets/panda-2.webp (마스터, 고정)","참조 이미지와 똑같은 밤부(팬더) 성장(2단계) 캐릭터. 같은 몸 비율·색·무늬·장신구 유지. 눈을 감고 활짝 웃으며 볼이 발그레한 표정, 작은 하트 2~3개가 머리 위에 떠 있음. 포즈는 참조와 거의 같게. 기존 SUMUS 펫 그림과 같은 화풍: 귀여운 치비 3D 일러스트, 부드러운 파스텔 색, 큰 반짝이는 눈, 은은한 림라이트, 캐릭터 정중앙, 테두리 여백 8%, 바닥 그림자 없음, 글자 없음",쓰다듬기·밥 주기·야차전 승리 때 표정. 1순위
1-pet-happy,밤부 최종(3단계) 기뻐하는 얼굴,public/assets/pets/panda-3-happy.webp,512x512,투명,3,"public/assets/pets/panda-3.webp (마스터, 고정)","참조 이미지와 똑같은 밤부(팬더) 최종(3단계) 캐릭터. 같은 몸 비율·색·무늬·장신구 유지. 눈을 감고 활짝 웃으며 볼이 발그레한 표정, 작은 하트 2~3개가 머리 위에 떠 있음. 포즈는 참조와 거의 같게. 기존 SUMUS 펫 그림과 같은 화풍: 귀여운 치비 3D 일러스트, 부드러운 파스텔 색, 큰 반짝이는 눈, 은은한 림라이트, 캐릭터 정중앙, 테두리 여백 8%, 바닥 그림자 없음, 글자 없음",쓰다듬기·밥 주기·야차전 승리 때 표정. 1순위
1-pet-happy,초롱 아기(1단계) 기뻐하는 얼굴,public/assets/pets/snake-1-happy.webp,512x512,투명,3,"public/assets/pets/snake-1.webp (마스터, 고정)","참조 이미지와 똑같은 초롱(뱀) 아기(1단계) 캐릭터. 같은 몸 비율·색·무늬·장신구 유지. 눈을 감고 활짝 웃으며 볼이 발그레한 표정, 작은 하트 2~3개가 머리 위에 떠 있음. 포즈는 참조와 거의 같게. 기존 SUMUS 펫 그림과 같은 화풍: 귀여운 치비 3D 일러스트, 부드러운 파스텔 색, 큰 반짝이는 눈, 은은한 림라이트, 캐릭터 정중앙, 테두리 여백 8%, 바닥 그림자 없음, 글자 없음",쓰다듬기·밥 주기·야차전 승리 때 표정. 1순위
1-pet-happy,초롱 성장(2단계) 기뻐하는 얼굴,public/assets/pets/snake-2-happy.webp,512x512,투명,3,"public/assets/pets/snake-2.webp (마스터, 고정)","참조 이미지와 똑같은 초롱(뱀) 성장(2단계) 캐릭터. 같은 몸 비율·색·무늬·장신구 유지. 눈을 감고 활짝 웃으며 볼이 발그레한 표정, 작은 하트 2~3개가 머리 위에 떠 있음. 포즈는 참조와 거의 같게. 기존 SUMUS 펫 그림과 같은 화풍: 귀여운 치비 3D 일러스트, 부드러운 파스텔 색, 큰 반짝이는 눈, 은은한 림라이트, 캐릭터 정중앙, 테두리 여백 8%, 바닥 그림자 없음, 글자 없음",쓰다듬기·밥 주기·야차전 승리 때 표정. 1순위
1-pet-happy,초롱 최종(3단계) 기뻐하는 얼굴,public/assets/pets/snake-3-happy.webp,512x512,투명,3,"public/assets/pets/snake-3.webp (마스터, 고정)","참조 이미지와 똑같은 초롱(뱀) 최종(3단계) 캐릭터. 같은 몸 비율·색·무늬·장신구 유지. 눈을 감고 활짝 웃으며 볼이 발그레한 표정, 작은 하트 2~3개가 머리 위에 떠 있음. 포즈는 참조와 거의 같게. 기존 SUMUS 펫 그림과 같은 화풍: 귀여운 치비 3D 일러스트, 부드러운 파스텔 색, 큰 반짝이는 눈, 은은한 림라이트, 캐릭터 정중앙, 테두리 여백 8%, 바닥 그림자 없음, 글자 없음",쓰다듬기·밥 주기·야차전 승리 때 표정. 1순위
1-pet-happy,토리 아기(1단계) 기뻐하는 얼굴,public/assets/pets/rabbit-1-happy.webp,512x512,투명,3,"public/assets/pets/rabbit-1.webp (마스터, 고정)","참조 이미지와 똑같은 토리(토끼) 아기(1단계) 캐릭터. 같은 몸 비율·색·무늬·장신구 유지. 눈을 감고 활짝 웃으며 볼이 발그레한 표정, 작은 하트 2~3개가 머리 위에 떠 있음. 포즈는 참조와 거의 같게. 기존 SUMUS 펫 그림과 같은 화풍: 귀여운 치비 3D 일러스트, 부드러운 파스텔 색, 큰 반짝이는 눈, 은은한 림라이트, 캐릭터 정중앙, 테두리 여백 8%, 바닥 그림자 없음, 글자 없음",쓰다듬기·밥 주기·야차전 승리 때 표정. 1순위
1-pet-happy,토리 성장(2단계) 기뻐하는 얼굴,public/assets/pets/rabbit-2-happy.webp,512x512,투명,3,"public/assets/pets/rabbit-2.webp (마스터, 고정)","참조 이미지와 똑같은 토리(토끼) 성장(2단계) 캐릭터. 같은 몸 비율·색·무늬·장신구 유지. 눈을 감고 활짝 웃으며 볼이 발그레한 표정, 작은 하트 2~3개가 머리 위에 떠 있음. 포즈는 참조와 거의 같게. 기존 SUMUS 펫 그림과 같은 화풍: 귀여운 치비 3D 일러스트, 부드러운 파스텔 색, 큰 반짝이는 눈, 은은한 림라이트, 캐릭터 정중앙, 테두리 여백 8%, 바닥 그림자 없음, 글자 없음",쓰다듬기·밥 주기·야차전 승리 때 표정. 1순위
1-pet-happy,토리 최종(3단계) 기뻐하는 얼굴,public/assets/pets/rabbit-3-happy.webp,512x512,투명,3,"public/assets/pets/rabbit-3.webp (마스터, 고정)","참조 이미지와 똑같은 토리(토끼) 최종(3단계) 캐릭터. 같은 몸 비율·색·무늬·장신구 유지. 눈을 감고 활짝 웃으며 볼이 발그레한 표정, 작은 하트 2~3개가 머리 위에 떠 있음. 포즈는 참조와 거의 같게. 기존 SUMUS 펫 그림과 같은 화풍: 귀여운 치비 3D 일러스트, 부드러운 파스텔 색, 큰 반짝이는 눈, 은은한 림라이트, 캐릭터 정중앙, 테두리 여백 8%, 바닥 그림자 없음, 글자 없음",쓰다듬기·밥 주기·야차전 승리 때 표정. 1순위
1-pet-happy,호야 아기(1단계) 기뻐하는 얼굴,public/assets/pets/fox-1-happy.webp,512x512,투명,3,"public/assets/pets/fox-1.webp (마스터, 고정)","참조 이미지와 똑같은 호야(여우) 아기(1단계) 캐릭터. 같은 몸 비율·색·무늬·장신구 유지. 눈을 감고 활짝 웃으며 볼이 발그레한 표정, 작은 하트 2~3개가 머리 위에 떠 있음. 포즈는 참조와 거의 같게. 기존 SUMUS 펫 그림과 같은 화풍: 귀여운 치비 3D 일러스트, 부드러운 파스텔 색, 큰 반짝이는 눈, 은은한 림라이트, 캐릭터 정중앙, 테두리 여백 8%, 바닥 그림자 없음, 글자 없음",쓰다듬기·밥 주기·야차전 승리 때 표정. 1순위
1-pet-happy,호야 성장(2단계) 기뻐하는 얼굴,public/assets/pets/fox-2-happy.webp,512x512,투명,3,"public/assets/pets/fox-2.webp (마스터, 고정)","참조 이미지와 똑같은 호야(여우) 성장(2단계) 캐릭터. 같은 몸 비율·색·무늬·장신구 유지. 눈을 감고 활짝 웃으며 볼이 발그레한 표정, 작은 하트 2~3개가 머리 위에 떠 있음. 포즈는 참조와 거의 같게. 기존 SUMUS 펫 그림과 같은 화풍: 귀여운 치비 3D 일러스트, 부드러운 파스텔 색, 큰 반짝이는 눈, 은은한 림라이트, 캐릭터 정중앙, 테두리 여백 8%, 바닥 그림자 없음, 글자 없음",쓰다듬기·밥 주기·야차전 승리 때 표정. 1순위
1-pet-happy,호야 최종(3단계) 기뻐하는 얼굴,public/assets/pets/fox-3-happy.webp,512x512,투명,3,"public/assets/pets/fox-3.webp (마스터, 고정)","참조 이미지와 똑같은 호야(여우) 최종(3단계) 캐릭터. 같은 몸 비율·색·무늬·장신구 유지. 눈을 감고 활짝 웃으며 볼이 발그레한 표정, 작은 하트 2~3개가 머리 위에 떠 있음. 포즈는 참조와 거의 같게. 기존 SUMUS 펫 그림과 같은 화풍: 귀여운 치비 3D 일러스트, 부드러운 파스텔 색, 큰 반짝이는 눈, 은은한 림라이트, 캐릭터 정중앙, 테두리 여백 8%, 바닥 그림자 없음, 글자 없음",쓰다듬기·밥 주기·야차전 승리 때 표정. 1순위
2-care-icons,밥 주기 아이콘,public/assets/ui/care-feed.webp,256x256,투명,3,public/assets/ui/trophy.webp (화풍 참조),"펫 밥그릇(작은 뼈다귀 모양 쿠키와 사료가 수북), 김이 살짝 나는 따뜻한 느낌. 게임 UI 아이콘, 단독 오브젝트, 정면 약간 위 시점. 기존 SUMUS 펫 그림과 같은 화풍: 귀여운 치비 3D 일러스트, 부드러운 파스텔 색, 큰 반짝이는 눈, 은은한 림라이트, 캐릭터 정중앙, 테두리 여백 8%, 바닥 그림자 없음, 글자 없음",지금은 이모지(🍖🤚📢🔔)로 표시 중
2-care-icons,쓰다듬기 아이콘,public/assets/ui/care-pet.webp,256x256,투명,3,public/assets/ui/trophy.webp (화풍 참조),"동그랗고 귀여운 손바닥 하나와 작은 하트 2개, 쓰다듬는 느낌의 곡선 모션. 게임 UI 아이콘, 단독 오브젝트, 정면 약간 위 시점. 기존 SUMUS 펫 그림과 같은 화풍: 귀여운 치비 3D 일러스트, 부드러운 파스텔 색, 큰 반짝이는 눈, 은은한 림라이트, 캐릭터 정중앙, 테두리 여백 8%, 바닥 그림자 없음, 글자 없음",지금은 이모지(🍖🤚📢🔔)로 표시 중
2-care-icons,알 데워주기 아이콘,public/assets/ui/care-warm.webp,256x256,투명,3,public/assets/ui/trophy.webp (화풍 참조),"포근한 담요에 싸인 알과 작은 따뜻한 불꽃/햇살. 게임 UI 아이콘, 단독 오브젝트, 정면 약간 위 시점. 기존 SUMUS 펫 그림과 같은 화풍: 귀여운 치비 3D 일러스트, 부드러운 파스텔 색, 큰 반짝이는 눈, 은은한 림라이트, 캐릭터 정중앙, 테두리 여백 8%, 바닥 그림자 없음, 글자 없음",지금은 이모지(🍖🤚📢🔔)로 표시 중
3-notice-icons,선생님 공지 아이콘,public/assets/ui/notice.webp,256x256,투명,3,public/assets/ui/trophy.webp (화풍 참조),"민트색 확성기, 작은 별 반짝임. 게임 UI 아이콘, 단독 오브젝트, 정면 약간 위 시점. 기존 SUMUS 펫 그림과 같은 화풍: 귀여운 치비 3D 일러스트, 부드러운 파스텔 색, 큰 반짝이는 눈, 은은한 림라이트, 캐릭터 정중앙, 테두리 여백 8%, 바닥 그림자 없음, 글자 없음",지금은 이모지(🍖🤚📢🔔)로 표시 중
3-notice-icons,알림 켜기 아이콘,public/assets/ui/bell.webp,256x256,투명,3,public/assets/ui/trophy.webp (화풍 참조),"금색 종 위에 작은 몽이 발바닥 자국, 울리는 선 2개. 게임 UI 아이콘, 단독 오브젝트, 정면 약간 위 시점. 기존 SUMUS 펫 그림과 같은 화풍: 귀여운 치비 3D 일러스트, 부드러운 파스텔 색, 큰 반짝이는 눈, 은은한 림라이트, 캐릭터 정중앙, 테두리 여백 8%, 바닥 그림자 없음, 글자 없음",지금은 이모지(🍖🤚📢🔔)로 표시 중
4-study-icons,어려운 단어 별,public/assets/ui/star-word.webp,256x256,투명,3,public/assets/ui/trophy.webp (화풍 참조),"통통한 금색 별 배지, 가운데 흰색 A 글자 모양 없이 반짝임만. 게임 UI 아이콘, 단독 오브젝트, 정면 약간 위 시점. 기존 SUMUS 펫 그림과 같은 화풍: 귀여운 치비 3D 일러스트, 부드러운 파스텔 색, 큰 반짝이는 눈, 은은한 림라이트, 캐릭터 정중앙, 테두리 여백 8%, 바닥 그림자 없음, 글자 없음",지금은 이모지(🍖🤚📢🔔)로 표시 중
4-study-icons,실전시험 스톱워치,public/assets/ui/stopwatch.webp,256x256,투명,3,public/assets/ui/trophy.webp (화풍 참조),"민트색 스톱워치, 바늘이 움직이는 느낌. 게임 UI 아이콘, 단독 오브젝트, 정면 약간 위 시점. 기존 SUMUS 펫 그림과 같은 화풍: 귀여운 치비 3D 일러스트, 부드러운 파스텔 색, 큰 반짝이는 눈, 은은한 림라이트, 캐릭터 정중앙, 테두리 여백 8%, 바닥 그림자 없음, 글자 없음",지금은 이모지(🍖🤚📢🔔)로 표시 중
4-study-icons,화면 이탈 경고,public/assets/ui/leave-warn.webp,256x256,투명,3,public/assets/ui/trophy.webp (화풍 참조),"주황색 휴대폰에 작은 느낌표 표지판, 경고지만 무섭지 않게 귀엽게. 게임 UI 아이콘, 단독 오브젝트, 정면 약간 위 시점. 기존 SUMUS 펫 그림과 같은 화풍: 귀여운 치비 3D 일러스트, 부드러운 파스텔 색, 큰 반짝이는 눈, 은은한 림라이트, 캐릭터 정중앙, 테두리 여백 8%, 바닥 그림자 없음, 글자 없음",지금은 이모지(🍖🤚📢🔔)로 표시 중
5-app,앱 아이콘 마스터(선택),public/icons/app-icon-master.png,1024x1024,불투명(민트 그라데이션 #31D29A→#07956C),4,public/sumus-logo-green.svg + public/assets/pets/dog-2.webp,"정사각형 앱 아이콘. 민트 그라데이션 배경을 꽉 채우고, 가운데에 흰색 S 로고, 오른쪽 아래에 몽이 얼굴이 살짝 빼꼼. 모서리는 둥글리지 말 것(휴대폰이 자동으로 둥글림). 중요한 그림은 가운데 80% 안에. 글자 없음.",받으면 180/192/512/마스커블 PNG로 자동 변환해서 넣어요. 지금 로고 아이콘으로도 충분
5-app,설치 안내 그림(선택),public/assets/ui/install-hero.webp,1024x640,투명,3,public/assets/pets/dog-2.webp,"몽이가 두 손으로 커다란 스마트폰을 들고 있고, 폰 화면에 민트색 S 앱 아이콘이 보임. 반짝이 몇 개. 기존 SUMUS 펫 그림과 같은 화풍: 귀여운 치비 3D 일러스트, 부드러운 파스텔 색, 큰 반짝이는 눈, 은은한 림라이트, 캐릭터 정중앙, 테두리 여백 8%, 바닥 그림자 없음, 글자 없음",/install 페이지 맨 위
